limit_balance,age,education_level,marital_status,bill_amt,pay_amt,default_payment_next_month
131958,50,3,3,4239,39832,1
156867,69,4,1,20863,45836,0
141932,23,4,1,51415,8417,1
375838,65,2,2,68968,13362,0
269178,34,4,1,60430,1209,1
129879,50,2,3,1515,37921,1
120268,70,3,3,97206,4898,1
217892,24,3,2,14605,18562,0
64886,38,1,1,56240,10871,0
147337,57,3,3,5586,7610,0
485602,45,2,1,31186,43845,1
440410,68,4,1,26928,27382,0
97498,21,1,1,98264,15791,0
384871,73,2,2,83087,35312,0
398468,66,4,1,87029,38290,0
185203,35,1,3,20711,2370,0
201335,29,3,1,54962,19665,0
288167,35,2,3,20039,4710,1
51090,69,4,1,36561,328,1
339365,44,1,3,75483,46451,0
74820,24,1,3,97871,38347,1
272913,32,3,1,81395,20612,1
331879,57,4,1,88658,45890,0
204027,57,3,3,1577,6794,0
337069,63,3,2,28350,32888,1
262709,26,4,1,33798,6749,0
209041,59,4,2,97434,46531,1
277455,66,4,1,81417,20608,1
113355,44,2,1,10785,15450,1
245796,31,4,1,72227,3675,0
224176,33,1,1,61957,18460,1
194779,54,3,2,65431,38411,0
357449,45,2,1,17297,11560,0
431909,27,4,3,71894,32463,0
475148,72,2,3,63772,31663,0
268795,24,4,2,19581,48151,0
496232,28,2,1,55192,3170,1
402752,40,3,3,1462,33123,0
166730,49,3,2,64173,28810,0
356622,74,1,1,15511,9718,0
394681,73,1,3,76106,28,0
159503,71,4,3,48665,47599,0
140523,65,3,2,44414,17397,1
12747,66,2,1,81010,43662,0
133855,30,2,1,72573,41787,0
462366,63,2,3,93665,45406,1
75725,54,1,3,13386,47657,0
139981,46,2,3,54460,2024,1
94654,61,1,1,6221,38607,1
438989,69,1,2,23474,13503,1
391490,23,4,2,21045,10303,1
77435,26,2,1,91319,17138,0
329030,25,2,2,4922,25345,0
338947,25,3,3,22706,29505,1
41551,74,4,2,42771,1906,1
388360,67,3,2,52335,40167,0
283538,43,4,2,98015,7961,1
341236,69,2,3,52949,26140,1
13890,29,1,1,70714,12031,1
51606,55,1,3,95558,15128,0
499492,40,1,1,15240,15663,1
266840,69,1,1,91756,34228,0
483254,62,1,1,2716,15682,0
359457,55,3,2,16574,15193,0
151699,70,4,2,83255,28561,1
280936,38,2,1,73717,43813,1
249931,37,3,1,44066,7766,0
249629,44,4,2,61826,29844,0
215041,23,1,3,20213,29432,0
184073,52,4,1,71916,29504,1
217624,55,4,3,66151,37146,1
427113,58,1,2,50906,40297,0
78148,33,1,1,463,20858,0
262801,67,1,3,31973,3071,1
134243,45,2,3,74694,16939,0
261995,29,1,3,20651,24931,1
392318,24,2,2,68694,44460,1
164555,34,1,2,20008,1040,0
396502,57,2,3,70474,2686,0
58555,54,4,3,38185,12666,1
266508,31,3,2,87924,35321,1
289303,61,4,3,74417,1779,1
382654,23,4,3,71139,13186,1
116530,48,1,2,34980,16459,1
90077,49,2,3,22504,20710,0
308064,29,3,3,54970,22219,1
495283,23,1,3,16766,5057,1
470337,45,1,2,93922,18733,1
210551,54,1,3,11695,19157,0
492691,32,4,2,17796,35030,0
291601,62,2,2,42543,19613,1
469773,29,2,1,14559,43076,1
218261,35,3,1,33139,49544,0
250181,60,2,3,8802,17492,0
351097,45,2,2,73843,20746,0
325139,25,1,1,40205,5188,0
181829,31,1,3,98750,41570,1
281836,54,4,1,34159,29680,0
448974,44,1,1,11516,37825,1
475625,35,1,2,50492,36766,1
212283,58,1,2,29086,8864,0
206769,28,1,1,30480,36445,0
47065,25,4,1,52091,5796,0
233165,68,1,2,47766,47218,0
109299,46,3,3,38737,39131,1
435822,38,3,2,9265,8123,1
21534,26,3,1,70990,8222,1
497879,57,3,3,91717,24074,0
50397,68,1,1,15386,46422,1
267750,33,3,3,37425,29825,0
363531,48,1,1,43254,36839,1
273160,25,4,3,89863,41576,0
493005,33,3,3,53634,2786,1
65591,37,2,1,86717,33638,1
230884,70,3,3,47662,36964,0
33247,60,3,2,86988,44564,1
34300,65,1,1,99287,25988,1
477281,52,3,2,87527,35507,0
92798,49,2,1,75452,33708,0
19268,71,1,3,10143,33108,0
358951,23,1,3,91391,29715,0
284329,60,4,3,15581,23806,0
204776,54,4,1,67443,36901,1
227851,60,3,2,29424,17043,0
442315,47,4,2,88844,10225,1
411787,33,4,1,41984,9752,1
246584,65,4,1,41505,3457,0
48044,53,1,2,62699,42616,1
323358,26,1,2,26957,9241,1
464444,44,1,2,25464,453,0
386896,39,4,2,23649,9896,1
58984,36,1,1,42065,21826,0
312918,60,4,1,92661,10976,0
274712,48,1,3,34758,48640,0
130151,53,1,2,5596,33586,1
465808,68,2,3,16374,4868,1
470779,61,3,1,3775,16396,1
143767,33,4,1,27388,31634,1
134375,63,2,3,21029,12171,0
189262,65,1,2,83981,24111,1
146330,45,4,2,53639,33688,0
490754,73,1,2,14645,21304,1
311648,62,3,2,31105,42274,1
174231,56,2,3,13668,39243,1
23986,47,3,3,15960,28253,1
71858,58,2,1,11357,30980,1
139312,27,1,2,64604,2017,0
22666,25,3,2,51796,7957,1
310804,63,3,2,15804,48998,1
144633,65,1,3,14626,42188,1
298998,71,3,2,28132,4792,1
336649,51,4,3,7951,13237,0
114488,43,2,2,6449,16251,1
193323,62,2,2,19065,19252,0
294806,30,2,1,9130,10707,1
280536,52,4,2,89360,34206,0
40535,63,2,2,62287,28740,0
481819,73,1,1,51702,3543,0
385713,50,3,3,36993,44135,0
324400,59,4,3,31875,48288,0
361279,51,2,2,6054,39111,1
399622,38,1,3,99809,35031,0
307366,56,3,2,48517,42929,1
87373,22,3,1,76368,211,0
482791,34,4,1,29670,46577,0
133684,33,4,2,49112,39795,1
499570,49,4,1,88388,331,0
487867,32,1,1,89156,23244,0
466551,59,1,2,28307,8169,0
283109,22,4,2,67087,22104,0
34538,52,2,1,47922,41901,1
380210,33,3,3,63080,14591,0
211664,66,3,3,93348,31711,0
385396,47,1,2,79335,48893,1
149182,69,3,2,26312,727,1
482525,61,2,3,66985,21359,0
168338,37,3,1,57608,43822,0
194064,60,1,3,89962,36011,1
224020,51,1,3,40277,49800,0
108806,54,2,3,31551,37863,1
410126,44,2,3,89813,46577,0
383133,65,3,2,56597,22998,1
100982,55,3,2,45212,10929,1
131626,68,1,1,9637,14842,1
129176,26,2,1,43258,23519,0
403422,39,2,1,35693,17393,0
228126,50,2,1,9824,34318,0
228969,27,3,3,26950,8995,0
132409,30,2,2,23488,28656,1
33419,61,1,2,215,47934,1
453852,52,1,1,11523,40260,1
263618,54,3,1,75900,45269,0
255310,48,4,3,68689,15567,0
60015,35,3,3,23834,28840,0
258550,50,4,1,34474,23831,1
132096,57,2,2,43066,13265,0
117059,49,3,2,99871,5424,0
195340,42,1,2,10400,20625,1
120687,24,2,1,10345,14086,1
360083,40,1,2,33896,29187,0
421357,52,2,3,85430,35929,1
221428,56,3,3,28899,20539,0
115878,70,4,1,28229,25103,1
212982,24,2,3,5583,27874,1
459260,47,4,1,4897,9215,1
208286,37,2,2,71537,39385,0
259002,32,1,2,4567,22044,0
260396,42,1,2,74807,11926,0
174899,37,2,3,77239,47860,1
459036,30,4,1,13329,31501,1
334767,74,3,2,71792,29774,1
484950,21,3,1,228,25008,1
347594,42,1,2,90282,48928,0
365570,46,3,3,82214,17560,0
389989,38,1,3,37052,24340,0
425515,70,3,1,57769,24976,1
53585,34,2,3,46032,48406,1
381369,67,1,3,88721,27626,0
74044,49,1,1,33686,32720,1
445773,32,2,2,76981,35001,0
452296,56,1,3,98802,4700,1
119556,55,3,1,63261,43795,1
12693,72,3,3,2809,7860,0
498219,32,1,3,41785,7526,0
367403,27,3,3,36547,38327,1
253307,49,4,3,42818,39500,0
210235,31,1,1,71927,2513,0
35939,53,2,1,65681,7830,1
452141,26,4,1,79465,14781,1
446157,67,1,3,89862,7910,1
162906,35,2,3,95527,15847,0
28047,52,3,3,37333,5649,1
298249,71,2,1,16576,9120,1
85766,31,4,3,39405,1951,1
418923,43,3,2,94000,10165,1
425192,46,1,3,73779,14352,1
54262,54,3,2,31601,9746,0
397261,66,1,3,67946,43738,1
295920,54,1,1,67356,28997,1
171152,49,2,3,52116,41954,0
138376,24,2,2,62894,24183,1
470058,37,2,2,34635,8804,1
464589,55,4,3,7465,27169,0
147848,33,4,2,56754,595,1
102787,61,2,2,97975,29592,0
137948,59,4,1,92850,40643,1
65016,35,3,3,85119,20823,0
412690,49,3,3,92691,5972,0
461269,49,4,3,38871,15882,1
31959,31,4,2,62874,858,0
146602,72,3,3,77733,5519,0
235928,52,1,3,29511,23769,1
391245,22,3,1,80960,25020,1
275892,67,3,1,48821,42748,0
238576,34,4,1,65776,37085,1
23545,40,3,2,70167,19838,0
399803,42,4,3,75135,44912,0
469415,31,4,1,44462,12879,1
175838,47,2,1,61382,33798,1
345674,23,3,1,90194,42255,0
365701,37,1,3,32574,24290,1
71087,64,2,3,41910,46073,1
499055,48,4,3,73531,10255,0
78840,49,4,2,25186,1447,0
128451,41,1,2,94781,43005,0
457600,67,4,1,22813,29195,0
323149,36,3,3,78812,2850,0
449792,57,2,1,85525,28400,0
49353,40,4,3,78282,11953,1
203075,26,4,3,18557,40874,0
224283,39,1,3,28060,23535,1
324877,25,3,2,58866,10000,1
75318,23,4,2,72104,9503,0
251025,21,1,3,84577,15493,1
492690,58,4,1,6080,4055,0
426880,35,1,3,13854,38170,1
77172,54,1,3,67695,32408,0
226688,55,3,1,27025,42049,0
266951,69,4,3,52982,34440,0
103264,45,3,1,41081,28251,0
256458,44,1,2,4368,4532,1
298880,32,2,2,99621,4924,1
235281,38,4,1,27094,48037,1
122859,35,2,2,46040,12546,1
384325,64,4,2,66766,26579,1
404070,36,3,1,83053,6085,0
362228,47,3,2,23991,12390,0
441839,28,3,3,1301,13280,0
279536,66,3,3,28610,24118,0
327824,45,3,1,81463,4864,0
267426,37,2,2,34678,42084,1
187789,49,3,3,24466,33989,0
228164,73,1,3,80440,35628,0
323003,28,1,2,40875,26849,1
135657,35,2,2,26081,27566,1
245167,47,4,3,24354,10702,0
167381,66,1,3,93297,41196,0
490671,70,4,1,18300,15385,1
204806,72,2,1,64384,9336,0
80467,27,4,3,95027,31225,0
193734,23,4,1,60892,36021,0
108506,49,4,3,35525,3782,1
119751,64,4,3,26532,23341,0
391050,73,2,1,6464,49918,0
415904,44,1,1,16562,24094,1
297486,23,3,2,55514,49111,1
178229,40,4,2,74219,23866,1
471079,66,1,2,32634,19049,0
378452,35,1,3,60,42719,1
455299,45,2,1,9269,30992,0
116081,50,1,3,63143,49037,1
468949,34,2,1,23065,14567,0
99045,27,4,3,2895,44451,1
44698,37,4,2,80859,3513,0
120078,64,3,2,12352,49647,0
352767,40,3,2,49737,13335,1
32671,56,3,3,96426,44140,1
428400,29,1,1,32016,38590,0
365528,58,4,1,61304,14837,1
445323,68,2,2,11962,12122,0
96202,42,3,2,33302,34840,1
61663,74,2,2,85382,31007,1
25708,73,2,2,4011,41297,0
364050,73,3,1,19782,27684,1
321955,22,4,3,67691,26393,1
143883,44,3,3,39725,22754,0
328394,28,2,3,9196,20799,0
122547,31,3,3,43459,38727,1
475298,33,2,2,87245,9107,0
396393,37,2,2,78863,5993,1
44754,28,3,2,32769,30805,1
236814,41,1,3,24700,28114,0
247714,38,3,2,80356,37789,0
152483,50,1,2,76427,46314,0
143983,38,2,1,5269,42942,0
470486,66,2,1,43880,16138,0
224835,67,1,2,8320,44527,0
411896,51,2,1,49589,9190,1
94896,58,1,1,76276,26723,1
487095,52,1,2,35897,12886,0
81295,31,2,2,58565,16779,1
229686,65,4,2,30930,28174,1
372833,45,1,2,57233,29086,1
283255,53,3,3,82821,17322,1
309648,58,3,3,14380,42596,0
142874,61,2,2,76896,35278,1
18155,28,4,1,70934,18033,1
476872,31,2,2,55830,20074,0
311528,42,4,2,5529,3435,0
384705,71,1,1,94598,35969,0
57254,44,1,3,82987,28942,0
294062,61,1,2,49178,29059,1
95981,37,1,2,6937,47921,0
463929,32,3,3,39886,32826,1
40306,66,3,3,49699,30297,1
157718,52,2,1,76396,43890,0
318987,35,4,3,90678,21322,0
130975,36,1,3,25279,35739,0
368745,74,1,3,38106,9719,0
493951,42,4,1,79737,14017,0
117512,48,4,3,40544,8314,0
157443,40,2,3,8997,28295,1
480587,53,4,1,85711,9628,1
383616,30,1,3,40860,42122,1
143121,60,1,3,3225,11492,1
172688,52,1,1,59470,36113,0
375871,70,1,2,63656,15357,0
385037,53,1,1,51880,33329,1
293076,22,2,3,61078,20365,1
127796,53,1,3,88646,39029,1
301999,53,2,3,76290,1737,0
202506,61,1,1,56633,9096,0
475910,33,3,3,26655,19938,0
184088,50,3,3,43601,12682,1
279544,53,3,1,3114,27499,1
390002,33,3,2,26502,44491,0
183714,72,2,2,49768,44866,0
25151,46,2,3,48128,41894,1
454623,42,4,1,20028,46157,1
76690,59,1,3,55565,41034,0
14499,22,3,1,83123,294,1
16295,58,2,1,35333,32536,0
393029,59,1,2,3174,24596,0
398215,46,1,2,35398,32649,1
331184,66,2,1,35929,11434,1
284327,70,3,3,4321,38098,1
432515,35,4,2,95971,4655,0
153946,54,1,3,55421,17493,1
388480,62,4,2,72635,46228,1
42711,64,3,2,23760,3771,0
277683,69,3,3,11360,8563,0
194423,60,4,2,10313,17558,1
464483,31,3,2,85998,33932,0
189426,23,1,3,5801,42243,0
398207,26,4,2,14130,26567,0
143629,29,3,2,14271,32376,1
310504,26,4,2,16075,21922,1
223090,29,1,3,18984,12388,0
143272,59,3,1,88095,29332,0
253548,51,1,3,60942,46737,0
471713,52,3,1,12861,23495,1
188047,61,2,2,98970,8434,0
293501,70,3,1,82203,20991,0
129121,32,4,3,71376,27472,1
87505,28,3,3,61247,40030,0
12869,28,1,2,69101,26849,1
267186,70,1,1,20977,1541,1
464351,48,3,2,50617,2765,1
322252,40,4,2,57473,43074,0
122296,67,2,3,86654,37259,0
104179,27,4,1,88177,29283,1
100272,31,2,1,72902,35851,0
48467,40,1,1,92172,34625,1
295472,36,4,1,15630,769,0
363556,24,2,2,20056,17806,1
490047,26,3,2,7382,24982,1
145059,42,1,3,55739,2972,0
68871,46,3,2,81685,18256,0
425615,23,1,2,48639,38367,0
138391,61,4,3,59838,18653,0
449430,62,4,3,46041,38043,1
96416,34,1,3,992,21133,1
342415,31,1,2,72394,39339,0
316208,38,1,2,67657,25757,0
266687,74,4,3,27160,37840,1
211163,32,2,3,45156,42399,0
117450,43,3,3,51375,44013,0
181890,32,3,2,86442,32069,0
448741,33,4,2,19572,14706,0
291974,45,3,1,4136,38231,1
420645,65,1,2,61868,27909,1
410109,71,2,2,82263,40218,0
126381,39,3,2,32167,11095,1
483125,66,2,3,15479,20343,0
57333,56,1,2,31376,26469,0
144508,65,3,3,4823,1313,0
215362,28,4,1,70456,7847,1
348357,49,2,1,19585,9166,1
409111,73,1,3,17272,9930,1
160810,52,2,3,26619,3285,1
302890,71,3,3,75069,35863,1
59377,64,3,2,39895,16704,0
451620,38,4,1,3720,18705,0
326189,26,1,3,19267,555,1
370032,38,1,2,15696,21323,1
443006,39,4,1,29968,5432,1
379599,42,4,2,53364,1386,0
146672,57,1,1,23345,44007,1
235732,52,2,2,51567,10619,0
365323,61,2,1,91229,6854,0
181836,23,4,1,61607,42964,1
215615,48,2,2,19385,48801,0
55714,30,1,3,83658,7637,0
460051,71,3,1,66900,21225,1
112946,55,3,3,68244,45730,0
381760,49,2,2,65425,26739,1
115983,74,4,3,78518,47708,0
476960,35,4,3,82844,10618,1
197563,53,4,3,32919,36561,1
134123,27,4,3,90697,7373,0
421805,32,4,3,57196,35281,1
315628,69,2,1,79401,20187,0
92989,50,3,1,495,2327,0
308356,41,3,1,44755,32391,1
315669,51,2,2,67684,41577,0
188274,44,4,3,33324,18549,1
173707,40,2,1,78929,39220,0
335352,57,3,2,1552,7642,0
305972,24,1,1,51272,14435,1
421927,48,2,1,35853,33760,0
275564,64,4,3,32924,38192,0
368896,40,3,2,74462,4381,0
141373,44,3,3,96387,31047,0
448452,70,3,3,23889,19558,0
125294,69,3,1,54675,30782,0
469451,71,4,3,73591,4782,0
457456,52,1,2,70190,25881,0
134019,61,3,3,22634,40228,1
75726,56,2,3,32363,29409,0
151564,73,1,3,63752,19462,0
387812,54,3,1,77004,2983,1
278246,56,1,2,56398,31933,1
191408,22,2,1,98458,46950,1
128015,35,3,1,40718,2523,0
226386,54,2,1,82916,9677,1
264079,56,4,1,26870,10292,1
36641,26,3,1,37394,15089,0
175656,59,3,2,52057,4581,0
173817,62,3,3,79795,11907,1
426309,71,3,1,80409,5609,1
469321,71,4,1,13016,44143,0
375890,74,3,2,42137,22936,0
455101,32,1,2,153,42725,0
46631,23,3,3,7853,45723,0
252289,65,4,2,12379,33988,0
82991,38,3,3,15792,29506,1
14014,60,1,1,38367,13163,0
283237,41,4,1,18100,46057,0
28070,35,4,3,63456,12537,0
307921,53,1,2,11049,22419,0
66958,55,1,3,786,42578,0
92074,46,1,2,69904,9455,1
20729,28,1,1,30699,9063,0
240785,56,1,2,47691,834,1
186089,68,4,3,37040,32214,0
207392,50,4,3,92990,27398,1
168823,43,3,1,57986,34492,1
115864,62,3,2,38762,2413,0
403002,64,2,2,23600,9505,0
219141,34,3,2,94774,37266,0
377654,34,3,1,90777,2105,0
64748,22,1,2,19810,2568,0
15801,57,1,3,85703,42098,1
160262,25,3,2,87347,49361,0
452905,58,2,1,57204,37679,0
245362,65,1,2,20085,49385,1
454209,61,3,2,46854,33560,0
39592,74,3,3,74797,14195,1
282791,67,4,2,84269,46669,0
149788,34,2,3,39779,15762,1
229963,59,4,3,56207,41294,0
490761,45,2,1,94615,15898,1
258710,40,1,3,33980,21577,1
230984,22,2,3,56117,1214,0
382771,59,3,1,14141,20803,0
342460,26,3,3,9344,48114,0
268067,37,2,1,15896,23698,1
274512,45,2,2,89353,32980,1
87575,48,2,1,29813,1658,1
278799,22,4,3,84431,12270,0
247549,55,2,1,65679,46797,0
80031,57,1,3,10681,37792,1
479645,25,4,2,72903,45807,0
494299,21,4,1,3228,22301,1
97922,60,2,2,4582,5141,0
458982,32,1,3,78683,38756,0
134046,56,4,3,11397,13777,1
416619,65,3,2,38799,38346,0
42097,43,4,1,37011,29441,0
481873,67,2,1,79183,47819,0
152038,51,1,3,93254,28469,0
134862,31,2,2,44264,3845,0
240229,30,3,2,42317,44650,1
128834,23,3,1,47914,23290,0
103848,74,3,1,84633,47015,1
62921,34,2,1,45254,30699,0
190798,36,4,2,40096,44252,0
136141,30,2,1,53785,33146,1
191372,49,1,1,52344,3293,1
294821,30,4,3,82643,44398,0
65609,32,3,1,68546,46428,0
237897,50,2,1,71091,16608,1
459877,61,3,2,65603,737,1
41024,21,3,2,28412,16619,1
80313,25,1,3,51658,12470,1
399957,40,4,1,99841,49863,0
194078,28,1,3,49549,22372,0
367429,63,1,2,11549,16117,0
418554,32,1,3,71216,14779,0
471243,21,3,2,25739,29294,0
495988,74,1,3,21209,21630,1
123632,40,1,3,87968,40039,1
483351,48,4,1,15116,49900,1
422724,63,4,3,20045,12178,0
261451,57,1,1,26327,19935,1
13051,67,4,1,35709,47258,0
189819,57,4,1,43617,22784,0
386836,32,1,1,60139,23027,0
490358,57,3,3,26905,31008,1
97235,69,1,2,64148,46631,0
457237,69,4,2,72603,1823,0
207484,64,3,2,98095,6852,1
199407,48,2,3,42919,13072,0
459395,67,3,1,83521,11133,1
435309,35,4,2,92905,15111,0
472894,26,3,3,83400,32312,1
221810,64,1,1,88150,24161,0
442950,40,2,2,58446,39287,0
213687,70,2,1,52428,1777,1
83523,34,2,2,47894,24014,0
246175,22,4,2,81149,14772,1
104476,29,4,2,6447,46389,0
243841,57,2,1,5499,44627,1
289163,40,3,3,39041,18161,0
355757,46,2,1,31315,42264,0
232866,49,3,2,1299,7490,0
96672,21,3,1,4994,41661,1
83847,55,4,3,95414,24502,1
354894,26,3,1,81163,35757,1
220706,57,2,3,7489,41111,1
38251,73,4,3,91647,32737,1
113481,25,1,1,32355,17709,0
384710,53,1,2,73805,44682,0
35945,69,4,3,68367,8998,0
362996,71,2,1,77355,28906,0
42217,34,1,3,90349,35490,0
18308,32,1,2,87173,4656,1
278093,62,3,1,1996,36901,0
193062,40,3,1,44387,25735,1
404366,73,2,1,3089,29092,0
230552,70,4,2,98827,1242,1
110235,44,2,3,20659,41307,1
84740,63,4,1,45178,1831,1
388496,54,1,3,95965,28511,0
338761,45,3,3,81268,7246,0
235913,70,2,2,85042,31467,0
289040,49,2,1,70726,18302,0
402942,59,4,3,70111,3232,1
187247,51,4,1,34565,36526,1
148877,67,2,1,89242,38765,1
15237,63,4,2,22884,10972,1
30056,70,2,1,17199,48136,0
186615,43,2,1,60038,34592,1
197628,64,2,3,57786,10683,0
124548,58,1,2,49294,23664,1
383632,40,4,1,78015,36828,1
144415,43,3,3,34178,33172,1
416716,65,3,2,12665,18105,0
456438,72,4,2,534,21700,0
39375,36,2,3,91828,11017,1
150734,70,3,3,36132,36613,1
26964,62,3,3,36110,20594,1
123429,28,4,3,58754,11384,0
262764,70,3,3,63580,30348,0
200710,41,2,1,22469,16448,0
476882,21,4,1,64016,9491,1
226139,28,2,2,46233,13112,0
77215,49,3,1,66708,31021,1
341186,52,3,1,58232,44553,0
154356,58,2,1,93450,968,1
213861,25,1,3,86437,368,1
487880,67,3,2,34409,8424,0
365612,42,1,2,19324,35010,1
464605,67,3,2,8738,35851,1
19435,54,1,2,24054,25496,1
457556,21,1,1,29709,30936,0
185150,46,1,1,85643,13322,1
350976,63,2,3,363,1469,0
61293,30,1,2,10358,37493,0
499197,50,1,1,3240,4259,1
88781,70,1,1,72201,36390,0
201475,38,3,3,45689,10292,1
170196,37,1,3,1936,26841,0
236507,46,3,3,91074,28365,1
316063,28,1,1,43965,17207,0
249833,67,1,1,77534,36199,1
262377,60,2,3,882,22912,1
176319,69,3,2,20224,36919,1
131172,32,1,3,30825,36981,1
366902,47,3,3,70740,15235,0
494963,28,3,3,28885,41757,0
465968,45,4,3,40056,33547,1
328717,66,2,1,3203,48119,0
69101,24,2,2,60241,43810,1
298790,53,2,3,2244,19276,1
376329,21,4,2,98322,31923,0
33049,39,4,2,68619,5534,0
220677,51,2,2,21584,26469,1
370260,36,4,3,8521,36074,0
369523,34,4,1,50017,35670,1
78385,73,4,3,33541,32563,0
136131,68,2,2,29063,46159,0
443374,25,2,2,70268,36486,0
206489,61,2,1,64952,21,0
33289,46,4,3,93054,34268,0
382370,48,2,2,39563,41802,1
372937,22,4,1,39752,15799,0
281967,70,1,2,95233,26336,0
201232,26,4,1,2567,3641,1
314119,29,3,1,16121,21596,1
19540,53,2,3,1674,32959,1
26364,61,2,2,76411,13306,0
407827,45,3,3,66275,46182,0
37663,68,4,2,67081,8587,1
61991,33,1,3,29140,31359,1
198751,29,3,2,9327,21498,1
376326,73,3,3,70663,4662,1
172049,33,4,1,23331,37094,0
104704,51,2,2,23004,41833,0
59115,61,4,2,10492,27197,0
363151,31,3,1,54797,20719,0
229295,24,3,3,58095,24665,0
201962,54,2,2,13749,43239,1
207459,58,2,2,63217,25032,0
159143,66,2,3,89044,12641,1
200347,24,4,1,9045,41964,1
475585,58,2,3,20116,30028,1
21938,39,3,3,18667,45494,0
438411,26,3,3,75057,15651,1
363824,54,1,2,74205,8536,0
14000,38,4,1,27302,45712,1
211660,33,1,1,11283,6273,0
373186,61,3,3,30935,6284,1
365754,43,1,2,72534,25692,0
261492,39,3,3,94342,8817,1
375835,65,1,2,31624,28955,1
48304,31,2,2,13440,26555,1
341593,21,1,2,46501,20378,1
92986,44,2,2,87333,41182,0
492859,74,2,1,1269,17127,0
161836,27,4,2,7868,49614,0
118940,45,2,2,30251,17952,1
489243,41,2,3,77909,11539,1
310638,35,1,3,84523,46761,1
275517,21,3,1,38729,46219,1
153233,32,4,3,15734,14692,1
107532,27,2,2,42429,18120,1
364802,35,4,3,41337,13334,0
395777,41,1,1,40325,28615,0
110386,39,2,3,83600,7903,0
37350,49,1,3,62514,28527,0
103008,45,4,1,8433,15629,0
366441,53,1,1,9111,17740,0
35351,69,4,2,63753,33782,0
98668,52,1,3,80583,26708,0
124585,69,4,2,73620,10860,1
418521,55,3,3,21751,17438,1
347497,64,1,3,16453,1764,1
217869,58,1,2,85844,6009,1
75953,46,3,3,38968,20842,1
329602,31,3,3,30077,42372,1
292502,55,1,3,34775,48780,1
13267,28,3,1,58144,33435,0
92745,66,2,2,48570,3370,0
361732,34,4,1,46097,38744,1
310657,30,4,2,24503,20454,0
167164,22,4,2,2779,41381,0
21338,66,2,3,86840,38367,0
141484,29,3,2,755,3650,0
17543,23,3,1,39263,45117,0
378035,41,1,1,55087,25708,1
436712,46,3,1,42281,42662,0
70692,28,1,2,51482,3190,1
230156,68,2,1,54857,48113,1
233992,22,4,2,17400,8789,1
316569,26,4,1,40115,32125,0
48756,48,4,1,14249,33159,1
28888,73,3,2,46825,17459,1
176807,49,1,1,24600,35418,1
319439,46,1,3,37706,46368,1
124352,45,2,2,19222,47085,0
355186,32,3,2,99041,18768,1
95999,25,2,2,41139,49961,1
27955,54,1,3,41302,15563,1
309985,68,1,2,94684,27885,1
80640,57,4,1,87838,21885,0
206582,35,3,1,68159,6895,1
438127,64,1,1,8646,23958,1
462247,56,4,2,13543,1531,1
229798,35,3,1,94496,5481,1
410573,63,2,2,22785,23932,1
435695,68,3,1,78353,21360,1
71476,43,3,3,31406,43642,0
316955,26,1,3,88992,24829,1
177280,66,1,3,51428,19932,0
161222,70,3,3,23777,38931,0
81180,64,1,2,57939,38032,1
184358,63,1,1,53026,15890,0
122856,65,1,3,86450,18807,1
340594,41,4,2,29553,11767,0
424568,43,4,3,23548,8071,1
196141,63,3,3,63221,26149,0
384032,36,1,2,37265,15540,0
120448,67,4,2,40701,35676,1
24397,73,3,1,51287,4712,0
444771,35,1,1,6727,26201,0
188031,45,2,3,50717,44958,0
403944,56,1,3,32427,19899,0
453733,31,1,1,16692,19787,0
129180,71,4,1,31625,20982,1
76234,35,3,2,24918,22606,0
49954,24,3,1,41136,10150,0
188352,41,4,1,52409,20393,1
89459,33,1,3,15577,37259,1
419995,42,2,1,85155,46687,1
205004,39,1,3,99246,46936,0
476152,54,1,1,81731,27750,0
427682,34,2,2,27689,8593,0
440155,24,4,1,11154,17358,0
210968,68,3,1,94948,16607,1
438486,73,4,1,21341,37381,1
69163,72,4,3,97554,24811,0
485853,66,1,2,74681,28074,0
61934,47,3,1,46330,20595,0
205967,49,3,3,87759,44194,0
435523,67,4,2,68416,49377,1
326242,48,2,3,86807,26853,1
464137,55,4,3,33313,8183,0
15486,28,2,2,46900,20661,1
149407,36,3,1,78840,41169,0
359044,62,4,3,34695,36495,0
136020,56,1,3,30225,13703,1
112795,50,4,1,86072,30815,0
230184,38,3,1,96367,29565,1
152202,22,1,2,49156,22942,0
359652,69,1,2,77209,42986,1
247027,33,2,2,87453,33161,0
128324,24,1,1,27829,48760,1
332710,46,1,3,80908,41803,0
207775,45,4,3,25938,9716,0
299336,50,3,2,59164,41563,1
273206,31,2,1,54530,33349,0
94076,27,4,3,68199,47098,1
99780,51,1,2,60282,42899,1
162617,64,1,3,47801,132,0
31689,30,2,3,9465,47752,0
283318,59,3,1,3326,3385,0
360605,33,2,1,3659,36538,0
398318,51,4,3,60289,35036,1
375177,27,2,2,27594,33743,0
19348,69,1,1,4763,40373,0
426930,62,4,3,88657,7213,0
48102,62,1,1,10828,44223,1
84460,56,3,1,47588,26119,0
374778,40,1,1,11221,2835,1
99930,24,1,3,11211,2738,0
16801,74,2,2,13569,42317,1
113150,27,1,2,96894,4134,0
213339,74,4,2,37860,25892,0
189208,21,4,1,71558,39601,1
164697,64,3,3,45337,8353,0
223945,65,4,1,52311,15690,0
241915,62,2,2,13515,1909,0
213664,67,3,2,71695,25703,1
218124,33,4,3,87227,14496,0
447477,42,2,1,24904,12062,1
11542,74,4,2,59935,9850,1
293821,41,4,3,43790,27701,1
187804,42,1,1,68580,34731,0
191415,48,4,1,75148,5153,1
49081,29,4,2,5636,10481,1
203928,46,2,2,77129,33734,0
365249,29,2,1,2892,889,1
229930,35,1,1,21672,19445,1
291209,30,4,2,5812,6461,0
224532,44,1,1,96621,38934,0
98092,62,4,2,654,28205,1
326837,28,3,1,54633,23351,0
299106,44,3,2,17143,16006,0
38295,36,1,3,55934,44149,0
23807,69,1,2,67334,49112,1
445564,46,1,2,29087,10940,1
167504,47,2,3,11618,11258,0
486501,57,2,1,8446,24485,1
248067,24,2,3,87182,23763,0
495008,70,1,2,48867,40048,0
461070,44,4,1,51028,1067,0
443478,39,3,3,60101,20607,0
178152,56,1,1,27200,43883,0
404540,59,2,1,95107,9018,1
363411,30,2,3,88074,48521,1
176981,45,1,1,61465,46946,1
230411,38,1,3,86436,15187,1
29870,39,2,2,87892,37375,0
437794,56,4,1,88559,3985,0
213196,30,2,2,39148,43052,1
258683,53,2,2,82928,19563,1
244677,70,1,1,20698,47322,0
36790,25,4,3,42470,37306,0
128874,67,2,1,92071,18608,0
297433,69,2,2,51660,39139,1
458345,55,3,2,53910,1726,0
234786,64,1,3,35450,26582,0
497462,54,3,1,56463,5791,1
25485,53,3,2,33757,8458,1
316626,41,2,2,78012,17221,1
96188,37,1,2,70247,48506,0
14748,42,4,3,72015,20968,0
227841,68,2,2,31390,17070,1
150507,57,4,2,56116,27937,0
275853,35,4,1,13161,49508,0
133961,55,1,1,32152,41831,0
40355,48,3,2,80171,42933,1
196843,27,1,2,95833,47307,1
461015,52,4,1,20836,48340,0
416332,31,2,3,90367,37415,0
166542,30,4,3,66543,42770,0
183416,29,2,3,55648,20802,0
315062,34,2,3,26331,43601,1
324368,33,1,3,10763,10420,1
49298,45,4,3,69444,6642,0
352363,22,3,3,93109,19775,0
71629,55,4,3,19187,28754,1
338184,27,4,1,11957,43310,0
240907,41,3,3,4379,4357,1
300160,38,1,3,27959,21263,0
33960,23,4,3,82018,48367,1
305735,62,4,2,27105,13201,0
223920,74,2,1,877,2739,0
375477,59,4,1,48353,13231,1
252804,61,3,1,83788,42278,1
386965,69,2,3,96870,42495,0
470857,31,1,3,84585,21168,0
308539,59,2,2,83308,32624,1
139695,44,3,1,51567,10635,1
425916,66,3,3,57913,9964,0
306764,39,2,1,2637,27785,0
244286,24,1,2,72778,29510,1
138148,46,2,2,42025,17261,1
292703,58,1,2,99508,19254,1
496261,62,2,1,82464,11392,1
365540,52,3,3,28742,12336,1
202714,59,4,3,11831,11939,0
217611,65,4,2,85092,27412,0
293876,66,1,3,90879,16676,1
269747,56,1,2,88370,9843,0
101362,60,1,1,46762,45591,0
433570,57,3,2,98958,25112,1
285987,53,2,1,88741,30598,0
124065,56,3,2,18830,35454,0
343870,23,4,3,55044,33001,0
27640,29,1,3,73948,27228,1
62528,28,2,2,69202,14429,1
310557,53,4,3,37045,18758,0
269214,26,4,3,86322,2272,0
324782,61,4,3,71051,17350,0
455952,59,3,1,26627,22538,0
120133,24,1,3,15198,3400,0
378501,33,4,1,69521,15371,0
209938,69,1,2,29475,37310,1
160159,22,3,3,19403,36291,0
182502,25,4,3,3681,18147,0
165576,64,3,3,91555,3291,1
410330,47,3,2,93122,35256,0
351003,52,1,1,42292,10892,0
371801,41,4,1,5629,34326,0
414191,28,3,3,93246,37458,0
21023,58,4,2,95864,38889,1
31447,28,1,2,77814,44966,0
493685,70,3,2,8417,37207,1
398043,23,1,2,34765,40288,0
296103,74,4,2,74499,25995,0
76203,64,4,1,56574,5409,1
391300,23,1,1,90545,42438,0
170775,42,2,1,27675,44874,1
19337,26,3,3,72267,44702,1
56427,22,4,2,40563,29823,1
333673,43,4,3,11332,7869,0
374167,64,3,2,19177,35724,0
356809,22,1,1,89254,22401,0
115787,58,1,3,68447,25958,0
172993,37,1,1,57104,10766,1
305451,55,2,2,84335,19768,0
430571,54,2,2,80730,30794,0
137016,43,4,2,4951,26145,1
276979,50,1,1,28333,10086,1
30159,72,3,2,21673,43203,0
188677,28,4,1,40870,26442,1
393934,42,3,3,71101,16412,1
377760,64,4,2,22821,25596,1
441304,56,2,2,25494,10255,1
350896,25,4,2,99477,42406,1
327428,33,2,3,74160,40524,0
329187,49,4,2,835,23332,0
176619,51,1,1,18646,44624,0
369151,67,3,1,77360,15764,0
92844,36,1,2,37335,27563,0
37532,62,4,2,69351,22139,0
175421,50,4,3,2429,36370,0
132402,36,4,3,41950,5062,1
128012,32,2,3,60654,44645,0
448661,37,3,2,68143,7244,0
408929,36,3,3,91186,6372,0
66178,32,4,3,97889,39873,1
59407,28,4,1,77527,19965,0
473556,40,2,3,86704,44997,0
60990,23,1,1,31099,16956,1
478888,36,1,1,39385,40473,0
139473,50,3,3,35919,13894,0
468761,65,2,1,96952,45048,1
488007,43,4,2,60782,33382,0
330285,48,3,2,71116,4050,1
427009,71,2,3,72590,16709,0
328714,60,1,2,89626,15722,0
236156,74,2,1,40387,15210,0
178964,25,1,2,15823,49510,1
11015,40,2,3,46015,36545,1
71813,60,3,3,15339,38674,1
37712,64,1,1,3491,34489,0
110497,21,3,3,706,17733,0
411631,50,3,2,97493,20080,1
252926,41,1,3,15728,36664,1
122816,40,1,1,6997,39709,0
138778,26,4,3,60408,46232,0
72292,42,4,2,58097,38014,0
295977,38,4,1,38523,41152,0
145230,28,3,2,25163,27250,1
203752,59,3,1,17718,20229,0
292453,52,4,3,87508,48137,0
279114,53,3,1,83767,16475,0
344618,73,3,1,39619,46412,0
489920,36,1,3,12126,43876,0
318684,32,1,2,89131,29011,0
161456,58,3,3,64926,8128,0
290161,72,4,1,40633,32450,1
348024,54,2,3,77654,18897,1
115570,34,4,1,3317,8168,1
280846,56,2,3,44980,6861,0
403600,53,4,3,44115,41758,1
10404,43,1,2,61646,13750,0
444159,70,3,1,43158,16988,0
188998,65,3,2,55963,2979,0
432405,22,1,1,47631,23524,0
284907,61,2,3,49316,7065,1
159456,41,2,1,59342,37684,0
201172,22,2,2,15504,23184,0
370286,47,1,2,68593,33365,1
150932,29,2,2,26660,23704,1
245365,21,1,1,37196,5622,1
352786,31,4,2,65938,18261,0
60612,23,4,2,8605,44932,1
295718,72,1,2,57388,28419,0
295668,43,3,3,81297,34467,0
210244,46,4,3,55501,25605,1
283060,24,2,1,53309,29171,1
14809,38,1,1,27043,22164,1
173273,26,2,2,33635,49868,0
194402,55,2,3,79315,46197,0
154528,42,3,2,80691,13796,0
459613,63,2,2,33132,36854,0
393432,35,3,3,89387,31320,0
48765,42,4,3,15366,665,0
438032,57,1,3,93944,32694,1
317250,72,2,1,72107,24230,0
326076,62,1,1,62580,22995,1
420316,32,2,2,57889,26784,1
329235,67,1,1,79553,14605,1
31949,69,2,3,39236,17463,1
211152,62,2,3,4150,8419,1
309888,58,2,1,19423,47952,0
186615,38,2,2,4137,33837,0
380463,65,2,2,29992,5263,0
102193,55,2,1,94438,48877,0
46187,50,2,2,44921,40719,1
148311,44,2,2,79369,45687,1
396598,62,2,2,66917,34131,1
286633,50,1,3,73690,37276,0
199089,34,3,3,34235,34523,0
71877,26,2,1,78975,519,0
446341,23,3,3,19122,31106,0
322066,36,2,2,23956,44504,1
104074,27,2,3,63879,10514,1
173121,72,1,1,58560,47456,0
47131,34,4,3,82800,7233,0
446160,29,4,2,68685,1102,1
125765,35,1,2,24660,597,1
346107,41,3,1,86064,46715,1
116884,55,4,3,1168,19657,1
135917,22,1,3,45124,45009,0
296429,47,1,3,35897,38549,1
309770,22,4,2,15032,43565,1
183880,55,3,1,52797,6256,1
491680,38,1,3,35294,43148,1
457087,34,2,2,43827,29401,0
291342,40,3,2,3516,41548,0
422974,38,3,2,19751,6554,0
25254,30,4,3,30373,12664,0
54238,45,4,3,30270,42367,0
11252,22,2,3,10386,48279,0
311908,45,1,3,64817,24386,1
349853,74,4,3,65184,4846,1
440657,53,4,3,79693,26205,1
495450,56,3,3,37879,25570,1
325826,51,4,3,49597,30255,0
331638,34,4,3,39132,21182,1
91317,21,4,2,3626,39373,0
337359,66,4,3,85936,43019,1
88587,36,3,1,81515,16043,1
16949,74,2,2,77065,45532,1
248897,66,2,3,55390,35754,0
327537,72,1,1,16645,400,1
214625,23,4,3,91960,19239,0
148013,55,3,1,54144,10416,0
35934,61,1,1,13382,3412,1
426602,26,1,1,4025,16440,0
266434,45,2,1,43226,24406,0
465102,33,3,2,79380,1875,1
347889,73,3,2,69711,37066,1
486467,54,3,1,96055,36536,1
366600,28,2,3,74710,5752,1
325557,41,2,1,3443,21217,1
460016,54,2,2,21395,12489,1
369383,24,2,3,10725,1353,0
314462,45,2,2,33461,26986,1
260875,35,4,2,41115,21371,1
473389,24,4,3,96887,39365,0
80390,65,3,1,83732,14691,1
193401,32,1,1,79790,4311,0
263490,52,3,1,79557,48075,1
53088,52,1,1,71260,10794,1
257940,48,2,3,28690,2934,0
375340,33,1,3,1407,16406,1
443027,51,3,3,73568,10394,0
327623,34,3,2,58560,26872,1
226464,40,1,3,47340,41708,1
228441,38,4,1,17794,49956,0
292107,49,2,2,19881,41093,1
327267,26,2,1,86292,20800,1
135911,52,3,1,94952,43397,0
374612,49,4,3,49703,37909,1
233777,63,1,3,44354,21352,0
345621,22,2,1,91288,36439,1
286532,43,4,1,78462,28312,0
15569,39,2,2,99301,40060,1
79836,51,4,3,14390,15438,0
114573,71,4,2,87475,23385,0
439802,25,3,2,27307,44999,1
268090,39,2,2,96364,18482,1
153087,54,1,1,94049,32471,0
55002,30,3,2,24502,47279,1
257666,45,3,2,95599,43877,0
147326,22,1,1,22486,41212,1
420360,31,3,3,38258,48373,1
165286,70,4,3,57716,13026,0
221791,51,4,2,97228,42089,0
212846,35,2,1,81494,19648,1
147162,29,2,3,82768,5435,1
152709,43,1,2,10748,8493,1
163487,39,2,2,62785,6691,1
34071,29,4,1,76050,2763,1
68243,55,1,2,22738,20389,0
397971,41,1,3,74231,31498,1
380359,29,2,1,73606,36009,1
182312,48,4,3,93301,35825,0
267218,66,1,3,41662,16934,0
224879,71,4,3,96297,5574,0
373714,27,4,2,82234,38179,1
436650,36,4,2,15123,1587,0
341868,36,2,3,25616,42782,0
387503,53,3,3,11182,38688,0
347841,24,3,1,90369,11688,0
38732,24,1,1,98878,4409,1
131465,59,4,2,62013,5783,1
414530,60,2,2,31331,33480,1
427170,37,4,1,46098,26751,0
67108,57,4,3,26128,38174,0
490260,59,2,2,31556,12041,0
490721,72,3,3,87505,23227,0
121195,49,4,1,21876,35201,0
375225,72,4,2,8949,36069,0
46668,56,3,2,51962,16654,1
295205,58,2,1,90054,26370,1
351396,59,1,2,71206,29482,0
49749,70,3,1,24099,11586,1
140560,57,1,2,12716,5322,0
376824,72,1,1,52611,13932,0
157979,55,3,2,38885,29299,1
159849,27,4,3,53144,25179,0
234301,47,1,3,65220,5257,1
61745,48,1,3,7837,46501,0
380608,42,2,2,49355,46136,0
101865,34,4,2,47299,9777,1
384572,27,1,3,19159,11249,0
222890,57,2,3,51012,21390,0
33624,42,4,1,59305,20369,0
33321,25,3,1,87096,12881,1
413704,22,3,1,17106,9587,0
294718,47,2,3,58123,28264,0
408456,41,3,3,8720,8791,0
184293,74,1,3,37661,41473,1
413694,58,4,1,93898,22375,1
269127,35,1,2,93794,22611,1
196717,41,1,3,87318,42026,1
422478,30,3,2,21120,7833,1
390975,43,1,2,19790,47013,0
193868,59,3,2,58655,15754,1
145504,25,4,1,59643,42048,1
105257,21,4,2,93448,12577,0
74291,33,1,3,47374,31095,1
220176,41,2,1,42907,21248,0
200471,46,3,3,50071,35282,1
399744,70,3,3,34812,36737,0
482930,65,1,1,49570,31891,0
322572,41,3,3,50901,24124,1
228803,73,3,3,60186,4566,1
403518,38,2,1,50251,2196,0
485774,57,2,3,65171,31115,0
403271,65,1,2,36160,49941,0
121317,52,2,3,19156,19859,0
149789,56,1,2,76208,11345,0
399593,37,4,3,79980,34077,0
300843,55,1,1,72320,864,0
83686,69,4,1,17929,12055,1
77661,31,1,3,66606,38157,0
54247,41,3,1,88442,19747,1
255121,72,2,3,62559,44484,1
157820,73,4,1,54205,11978,0
377257,46,1,2,68475,24599,0
276765,24,2,3,64341,35771,1
156106,54,1,2,95377,46942,0
268930,72,2,2,42863,46540,0
408342,68,2,3,81837,17615,1
146194,38,1,2,65439,40727,1
290174,60,4,3,7194,44748,1
354982,55,4,2,71387,39349,0
356861,61,3,3,81914,29377,0
458874,49,2,3,66214,30031,1
48638,72,3,1,96176,49573,0
339211,49,3,3,99292,42733,1
128033,58,1,3,29777,11760,0
115977,62,1,2,26183,47690,1
98869,41,1,3,27445,33714,0
115186,62,2,1,67038,25762,1
306818,33,1,2,87201,34332,0
176926,69,1,2,16198,40100,0
56271,61,2,1,21411,4944,1
345832,37,2,2,50577,48825,0
441734,29,4,2,15867,13877,0
383220,61,1,2,62501,29990,1
151339,21,1,2,14266,42907,0
231897,22,1,1,39422,34076,0
11062,68,4,1,35208,49538,0
257736,49,1,2,31213,3258,1
60448,53,4,2,7367,31629,1
105462,30,3,1,79026,37579,1
409445,70,4,1,35362,22958,1
460009,60,3,1,51588,39465,1
255885,41,1,2,38285,20317,0
57915,48,3,2,74755,15775,0
276776,31,4,3,71846,11039,1
114592,54,2,1,36307,29097,0
144668,28,3,2,95167,34207,0
381923,42,3,1,80280,22553,0
409384,28,1,2,19867,44402,0
118099,69,4,1,56523,55,1
17561,35,3,2,84161,23161,1
477010,37,3,3,6378,32873,0
92152,43,3,3,84685,35969,0
135036,44,3,1,76958,15184,1
396193,65,2,2,27926,669,0
36734,39,4,2,98707,12663,0
409587,25,1,1,13180,25318,0
36069,52,1,2,92837,33734,1
220977,64,2,1,36931,16691,1
22910,21,4,2,24014,18522,0
345623,43,3,1,96472,11656,0
480951,57,2,2,79872,15893,0
91264,28,4,1,58502,45857,0
33275,33,3,2,87736,16493,0
82274,28,2,3,5470,3632,0
484665,43,4,2,96395,30336,1
372920,63,1,1,14953,23112,1
201076,21,1,3,38507,38452,0
204053,65,4,2,92969,13266,1
487875,71,1,3,91493,16940,0
195625,44,4,2,6523,24003,0
58447,55,3,3,86923,32872,1
437745,44,4,1,57190,34815,1
398538,37,3,2,47761,30869,0
85703,25,2,2,31169,49297,0
348234,40,4,1,45641,17257,1
289404,41,2,3,22990,16682,1
122581,60,1,1,29661,19622,0
275956,51,3,1,13419,30408,0
431240,66,4,3,14457,8837,0
199728,56,2,1,67600,15407,1
388292,31,3,2,76102,29309,0
430501,72,3,2,33085,6382,1
495652,35,1,2,97064,27654,0
126421,39,1,1,50654,18895,1
11605,27,3,2,6130,33551,1
474374,71,3,2,2042,21376,1
82303,48,4,2,70134,370,1
168211,71,3,2,42982,48676,0
480365,63,4,2,98422,486,1
197210,25,3,2,65185,23762,1
271949,25,1,1,33477,26613,1
348269,50,4,2,52709,47268,0
154990,74,2,2,28716,3196,0
488871,52,1,3,78137,42320,0
168518,28,4,1,36018,29401,0
134040,30,4,1,8061,35029,0
154118,58,2,1,8609,10813,0
428034,67,4,1,35371,41916,1
241966,52,3,2,83021,8572,1
276468,68,2,2,20805,47776,1
348467,48,1,3,7857,28225,0
281255,37,1,3,11620,45853,1
441326,51,3,1,8177,49390,1
26389,28,1,3,30111,32275,0
132177,60,4,3,88578,6843,1
313571,45,4,1,84181,1105,0
482795,29,3,1,89941,43209,1
169818,22,1,3,11826,31639,0
132883,35,1,2,13890,42487,0
228958,70,3,3,82428,18051,0
248213,23,2,3,58031,28708,1
403333,69,1,2,75020,35459,1
397952,56,2,2,5495,11864,0
122221,24,1,1,28481,34764,0
487687,34,1,1,11267,1425,1
285378,61,1,3,6743,49146,1
270669,61,1,2,54800,6849,0
244936,45,4,1,48773,36015,1
325585,70,2,3,57042,18976,1
10846,30,2,2,49476,34258,1
20954,41,1,3,92105,47078,0
351383,56,1,1,28552,31113,0
254761,32,2,1,65242,49984,1
318658,47,4,2,45772,15401,0
360380,60,3,3,43730,12884,1
369723,22,3,2,28948,18824,1
147541,74,2,1,76311,37563,0
433321,33,1,1,69093,34414,0
314245,73,1,3,69123,16142,0
74323,52,4,3,16535,47074,1
101922,51,3,3,66490,49592,1
199139,36,4,2,46562,5956,0
190448,52,3,3,89080,13928,0
186659,52,2,3,58535,9721,0
440192,54,3,1,98991,11157,1
245659,31,4,1,41269,35135,1
399678,30,4,3,80674,6696,1
339728,35,4,3,42462,27862,0
114537,37,2,1,3127,5190,0
350621,60,3,3,23147,4663,1
251983,38,3,2,45528,39830,0
52533,29,4,2,77095,4331,0
273972,45,3,2,68931,44648,0
11917,60,1,3,90925,28549,0
292762,34,1,1,66381,16246,1
42254,45,1,3,99468,25761,0
271987,70,3,3,63749,3262,1
377436,42,2,1,38672,46088,1
57362,72,2,1,13731,7036,0
292272,50,2,1,54512,22322,1
395925,40,2,2,98658,19131,1
252353,41,1,3,51024,4677,0
200455,64,1,1,3832,7972,1
75545,52,4,3,32332,15329,1
92180,71,3,2,12467,37032,1
97958,66,3,2,41025,35901,1
413081,69,2,1,13107,44380,1
405435,41,1,1,77994,20493,1
311953,55,2,3,94202,18595,1
388892,52,4,1,43481,21923,1
15287,50,3,3,2581,46926,0
267665,59,3,1,75118,9735,0
437603,69,2,3,51638,34457,0
18512,32,4,3,8418,42531,1
142414,61,3,3,93627,7727,1
466292,67,4,3,29113,7764,1
118872,38,4,2,84363,45771,0
422432,41,2,3,63044,27599,0
257754,33,1,1,79955,818,0
103070,41,2,2,61030,47207,1
89767,28,1,2,11814,47845,0
107829,66,4,3,99340,37289,0
429830,60,1,2,10024,33892,1
439474,66,4,3,63288,5660,0
497005,27,3,1,57836,29521,1
52078,43,3,3,7435,38409,0
378432,64,3,2,67084,34470,1
93524,52,2,1,70601,18385,1
237645,31,2,3,88416,23296,1
22219,42,4,1,3407,23616,1
272379,42,3,1,98943,26382,1
315073,63,2,2,32940,11139,0
137309,45,3,1,5666,32060,1
339588,42,2,2,37122,22419,1
149639,48,1,1,25092,27785,1
373978,49,1,3,75645,15702,1
474008,33,3,1,26505,29217,0
206513,38,4,3,36713,39291,1
356699,22,2,3,54387,12397,0
345842,49,2,1,43169,40879,1
396594,41,1,3,73282,35169,1
258320,35,1,1,77511,26940,0
146487,72,4,1,51742,42249,0
177231,47,4,3,40522,28341,0
53925,70,4,3,81132,10067,1
147023,51,3,2,99397,46144,0
97388,35,1,3,3880,13824,1
18007,71,3,2,43454,13444,0
267802,43,1,3,55711,45647,0
445048,44,1,1,43539,48880,1
68596,64,2,3,68321,33307,0
393245,33,1,1,87985,10974,0
433739,42,1,1,14799,46614,1
361005,63,3,1,60102,38383,1
265266,57,1,2,50726,29290,1
358884,53,3,3,48784,16016,0
25524,23,4,1,43333,32112,0
422498,74,1,1,40828,28513,0
165002,39,1,2,69526,2956,0
403293,43,3,3,54362,8077,0
135501,49,4,3,53997,36490,1
292755,50,2,2,50341,44827,0
158056,59,4,2,19073,37855,1
24060,64,3,3,14549,43106,0
224057,67,4,2,83795,34938,1
487272,45,3,3,56920,36159,0
315447,57,3,3,85326,39710,0
200279,67,2,1,75515,18000,1
216118,28,1,1,20316,13806,0
170359,62,3,3,26183,47560,1
496925,36,3,3,93860,12809,0
49711,28,2,3,24624,14855,0
153026,21,3,3,62515,41876,1
345484,64,1,3,85781,29388,0
475317,25,2,3,46705,6458,1
474736,23,1,2,89326,35524,0
228134,21,1,3,26756,6853,0
112974,24,2,2,60390,40477,0
159646,60,3,2,68369,32222,0
412400,55,1,3,70821,18320,0
160168,52,1,3,9589,28618,0
77728,62,1,2,14116,45615,0
175088,54,1,2,73181,17352,1
21246,63,2,3,44786,7297,0
448774,45,2,3,94686,27940,0
421597,30,4,2,76425,49024,0
399940,41,4,2,30286,3203,1
439671,66,1,2,15994,39267,1
102263,59,3,1,90198,37941,0
407234,47,1,2,26639,17273,0
21302,47,3,1,17205,25368,0
339650,22,1,3,56677,11650,1
51157,61,4,3,32930,30984,0
64917,68,4,2,73313,41941,1
233810,33,3,3,93851,7382,0
106646,29,1,3,92509,801,1
355266,72,3,3,18316,41002,1
296663,56,4,3,27304,46665,0
490703,42,1,1,96058,47965,0
460035,62,1,1,87876,19733,0
353054,46,3,2,85366,9969,0
392574,74,2,2,13403,35969,0
343468,32,3,2,80052,16733,0
277552,37,4,3,84627,32449,0
69379,34,4,3,73495,26143,1
35053,34,4,1,31932,25705,0
412662,54,4,1,96090,28363,0
141994,73,4,2,36701,30720,1
108723,40,2,1,3385,9972,0
61356,31,1,1,99226,33351,0
282933,36,3,1,57241,45487,0
369864,71,3,1,10367,36145,0
338800,51,4,1,65030,22412,1
316172,26,3,2,46505,24078,1
336628,39,4,2,33332,22580,0
42154,57,2,1,85178,14855,0
223942,24,2,2,76325,36169,1
274480,67,1,3,35268,46404,0
375821,24,2,1,86486,19569,1
339923,40,2,3,25563,48506,1
291173,30,1,2,36404,25738,1
331345,44,3,2,55182,6772,0
42265,74,4,3,32991,24874,0
375060,55,4,2,47663,19731,0
253322,46,3,1,65886,10131,1
184944,57,1,3,83848,788,0
56197,58,3,1,24127,16184,0
397877,41,2,3,57692,30897,1
458396,74,1,2,94389,2889,0
164782,60,1,3,37500,9569,0
170558,59,1,3,33785,21657,0
81907,41,4,1,84146,10141,1
401020,30,3,2,89126,19656,0
212967,58,1,1,94979,21618,1
336579,66,1,2,47997,11934,1
312775,24,1,1,7170,42537,1
401182,65,3,3,13303,23286,0
242604,40,4,1,71743,7612,0
292247,37,2,2,77852,32069,0
74772,27,4,2,35187,16205,1
136108,24,1,3,65034,27331,1
24382,49,4,2,71776,13934,0
94291,34,4,1,1893,10095,1
373339,23,2,3,13753,25958,0
144828,44,3,2,38090,37008,0
292753,57,3,2,64922,18706,0
157550,36,4,1,76768,43516,0
242050,72,4,1,59412,38066,0
442882,24,3,3,56030,31472,0
347827,44,3,2,17509,34629,0
396858,54,2,1,68653,46910,1
140330,50,1,3,36929,23004,0
81315,38,4,2,48291,20431,1
349978,39,3,2,4042,40088,1
398349,51,4,3,62574,44135,0
24153,39,4,3,37201,38015,1
86325,69,3,1,92282,34502,1
250773,66,2,2,14016,31385,1
416215,39,4,2,25022,4663,0
65318,42,2,2,27938,38677,0
404030,44,3,3,43678,12818,0
387177,65,1,1,61720,22686,0
86077,32,1,2,56805,23977,0
362618,50,4,3,74323,49832,1
143515,58,3,2,1986,40931,1
479209,73,2,1,76478,18454,0
216988,51,4,2,82994,13358,1
345463,56,3,1,12161,6668,1
135885,39,3,1,20689,45784,1
381921,68,2,2,94699,40769,1
27368,65,4,2,60924,9921,0
156400,56,3,1,99273,34959,0
198014,50,3,3,74308,32328,0
101751,69,3,1,63745,8859,1
240203,53,2,2,1211,23970,1
299450,38,4,2,229,8872,0
488667,72,4,3,48542,19230,0
180987,69,4,1,14345,26708,1
309363,48,4,1,31819,18847,0
221951,67,1,1,47779,27105,0
205716,31,1,2,82421,4922,1
70279,74,4,1,92244,4392,1
325172,65,2,3,65584,13541,0
376407,53,1,2,19950,19551,1
10126,37,3,2,15173,19381,0
324473,26,1,1,58032,47783,1
37632,24,3,3,99273,35995,1
206382,40,4,2,28036,22948,0
119945,68,1,2,71356,26728,1
327320,67,2,1,14292,2024,0
260869,47,1,1,3052,16713,1
227138,35,1,3,44377,2486,0
185399,26,1,1,89317,1155,1
472120,67,4,3,67838,10082,1
144869,34,2,2,67819,37245,0
188954,31,1,3,15620,18569,1
154790,59,2,3,30461,7086,0
44560,29,4,3,20750,2317,1
348733,46,3,2,98426,36389,1
294260,36,1,1,88719,4491,0
439460,25,2,2,9472,15916,1
142717,72,2,1,69263,15248,1
188595,30,4,3,57602,2511,0
134085,70,1,3,25523,24226,1
389862,23,3,3,30766,25025,0
291400,33,2,3,66060,42314,0
110158,63,1,3,9079,48380,0
194245,69,3,1,8399,7848,1
178502,50,2,1,60726,14274,1
442498,74,2,3,92906,30958,0
391863,65,3,2,16532,35233,1
466590,26,3,2,82357,16304,0
340388,37,4,3,43162,48437,1
152766,65,1,1,3749,11294,0
328408,71,1,2,11353,26425,0
478276,73,4,2,28477,3175,1
67545,39,2,2,24570,40617,0
311368,62,3,3,86373,45241,0
370089,55,3,2,11437,27775,1
23224,66,3,2,38104,9425,0
50738,46,2,2,63370,26013,0
428366,71,3,2,4551,27928,1
335875,25,3,1,68359,44990,0
190760,49,4,3,54880,41212,0
249690,57,2,3,12916,8210,0
476725,40,1,1,80703,2759,0
149649,69,4,1,41445,16091,0
18070,41,4,3,47636,2,0
136161,30,1,2,73927,40958,0
18666,25,4,2,78194,30160,0
329905,56,2,3,29685,20707,1
308512,26,3,2,51134,15248,0
147855,46,2,1,88916,5773,0
51914,24,1,2,94455,12786,1
211579,59,1,2,67847,15037,0
137738,59,4,2,39993,1885,0
482242,70,2,3,44333,39828,0
256965,55,2,1,58865,16331,0
339670,21,1,2,79096,40612,0
474051,44,2,3,49756,22495,0
448981,56,1,2,61192,13450,1
292100,26,2,1,60686,9491,1
228967,61,2,2,48733,9268,1
318384,74,2,1,25993,27757,1
393152,66,1,2,30492,41907,1
440364,64,4,1,20981,6791,0
104270,51,2,2,24143,39939,0
276901,40,1,1,77603,28314,0
29097,44,1,2,89452,28583,0
151467,45,2,2,60277,21550,0
157313,56,2,3,49990,93,1
376036,41,4,3,62888,35755,1
168768,50,1,1,69351,45615,0
256726,44,1,2,97372,9967,0
342624,64,3,1,49999,16218,0
56163,62,1,3,70309,43220,1
29816,50,4,1,12446,8627,1
453056,42,3,1,30733,4947,0
243619,48,3,3,76000,39419,1
324997,27,3,2,48632,23178,0
165989,55,2,1,21576,28876,1
106731,48,2,3,3320,22908,1
162638,34,1,2,10750,35912,0
216524,30,3,3,53463,19971,1
72823,36,4,1,26572,32584,1
161878,36,2,2,17948,49228,0
216592,74,4,2,38826,8959,1
11759,51,4,3,89051,28261,0
267164,62,2,3,27867,41065,1
445165,45,2,3,60231,39462,0
364518,33,2,2,66262,15835,0
143554,26,2,2,91356,19257,1
296586,64,3,1,72233,3346,1
436935,29,3,2,44678,30807,0
461282,65,3,1,12963,30418,1
103501,56,3,3,64360,11340,1
274223,63,1,3,49434,33012,1
405933,40,3,2,66617,35393,0
69676,38,2,3,20269,36617,0
431168,63,4,3,76312,9597,0
227516,41,3,2,97352,25557,1
183532,24,1,1,79732,7737,1
100397,70,2,2,81494,46792,0
82847,53,4,1,88905,44768,0
103607,47,4,2,77225,41101,1
230178,27,3,2,82867,17276,1
159521,26,4,3,37528,7310,1
436752,35,3,2,78972,35167,1
74077,38,3,2,65602,37408,0
310402,52,2,1,96261,19344,1
189374,31,2,3,90748,10391,1
267009,40,1,1,33332,10892,0
432081,44,2,1,90937,11197,0
147717,35,2,3,78929,13050,1
391915,68,3,3,69206,36142,0
48000,27,2,3,91137,45679,1
36737,41,3,2,2251,41615,1
283629,62,3,3,45717,47553,0
310709,46,2,3,99108,43728,0
428738,64,1,3,27027,13535,1
391758,34,1,1,97382,41002,0
337299,57,4,1,86551,43271,1
196240,41,4,2,9583,5122,1
62487,38,2,1,50387,9852,1
402092,25,1,2,23104,5387,0
284486,23,3,1,12224,31759,1
312950,43,4,3,60624,40399,1
320914,46,3,1,56058,39994,1
88623,57,4,2,96372,37876,0
375321,44,2,1,29299,34878,1
403170,69,1,3,78572,33725,1
347773,39,4,2,85469,7146,1
393137,71,1,3,77928,560,0
193675,45,3,3,73474,1312,1
399088,41,2,2,4141,18205,1
223046,32,1,3,23350,11595,0
115947,61,2,3,75082,22030,0
298543,53,1,1,70871,21329,1
138177,70,3,3,5077,38142,1
226454,73,3,3,46015,2651,1
484460,24,2,3,71147,10006,0
119575,62,3,3,59180,42701,0
383048,27,4,2,40857,48940,1
217606,42,1,1,59840,35645,0
458322,53,3,3,59902,21966,1
302822,37,4,3,5577,27846,1
86218,44,2,2,20002,21774,0
73230,54,4,3,50711,4083,1
255756,48,2,2,39451,33513,0
346199,63,2,1,99811,8749,0
459589,61,1,1,49103,30783,1
172552,59,1,3,28647,17325,0
488446,42,4,3,34831,18680,1
472052,69,1,3,96498,17323,0
344402,37,1,2,95119,22684,1
49986,54,1,3,66830,34493,1
165232,26,4,3,80632,12213,1
357739,66,3,1,36833,31831,0
111358,26,1,3,92864,42296,1
482327,54,1,1,24398,46930,0
337073,21,4,3,61554,27713,0
83506,30,3,1,50755,41621,0
44911,41,1,3,17706,7187,0
359271,25,2,1,22340,32800,0
435037,22,4,2,64994,32583,1
216111,42,1,1,63884,47661,0
463751,68,1,1,84361,14408,1
385597,22,2,1,17482,22369,1
94458,30,2,3,54225,47928,0
22175,54,4,3,58849,3414,1
391379,36,4,3,74854,19510,1
326915,68,2,2,41256,12120,0
399301,71,4,2,81110,34311,1
131300,59,2,1,14650,33039,0
96925,42,1,2,46118,5295,0
254446,32,2,1,28930,20460,0
76358,44,2,1,85707,14963,1
420543,67,3,1,11801,11580,1
57057,60,2,2,51360,22286,1
278294,58,2,3,87908,27328,1
276569,30,3,2,16559,19093,0
264726,55,4,1,32334,21605,0
288176,71,3,1,13288,45365,1
12198,69,1,2,22398,44813,0
463716,52,3,1,76230,46371,1
194466,27,1,1,12191,42705,0
423295,41,4,2,18051,47598,0
177292,40,3,2,61715,6722,0
445090,46,3,2,10737,40969,0
154931,24,4,1,65140,36912,0
453676,66,1,1,25251,38374,1
172491,72,3,3,50975,6766,1
391009,42,1,3,5147,49882,0
411921,35,3,2,50508,15928,1
446096,60,2,3,52224,21274,0
270910,41,3,1,19643,34416,0
33236,35,4,3,38967,20612,0
97955,42,4,1,98850,34898,0
226586,72,1,2,40733,47160,1
113145,48,3,2,84003,29047,0
156430,34,1,1,34808,43356,1
240785,47,1,3,67288,37134,0
104914,61,2,2,58959,1506,0
375014,60,2,2,1849,15222,1
217990,48,4,3,68178,12363,0
388387,46,1,3,67136,19613,0
24596,69,4,1,60740,44563,1
436788,22,3,3,86322,30628,1
481973,45,1,3,44565,42626,1
142351,23,1,3,20183,45384,0
204269,28,3,1,1132,4136,0
383640,64,3,1,38259,46246,1
402417,53,4,2,96612,11161,1
465732,62,4,1,63668,35457,0
148155,72,3,2,38563,23574,0
130674,55,4,3,92227,26902,1
392451,26,3,2,10931,2810,1
267529,59,1,2,73169,11663,1
250469,72,1,3,50639,6152,1
420987,43,2,2,58901,12,0
433191,45,1,1,1044,11162,0
448864,70,3,1,46691,22322,0
266713,63,4,1,24363,7999,0
451501,39,2,1,46694,7219,1
29063,25,4,2,1582,5328,0
77642,71,3,2,79910,3621,1
100093,31,1,3,66844,24256,0
227215,32,2,2,21301,44433,0
440815,30,3,2,74329,11314,0
192992,28,2,2,1620,652,1
169601,44,2,3,62224,16182,0
45954,48,1,1,56655,41580,1
37856,61,3,2,95419,36558,1
12573,56,4,3,37534,15659,0
481560,57,2,3,39390,34413,1
45367,41,2,3,71629,10435,0
247804,28,4,1,55856,28067,1
371752,29,3,2,49252,22258,0
332918,67,2,3,55809,28287,1
33752,35,2,1,22259,3688,1
327173,68,2,3,20655,7689,0
158757,66,3,3,33005,1379,0
402426,60,3,3,31629,37011,0
323837,38,4,3,23610,43005,0
126739,62,3,3,57184,27624,1
328105,40,3,1,21602,25964,1
248009,26,1,2,85945,22891,1
266028,32,4,2,11110,49098,1
217980,22,2,2,6073,38379,0
266609,27,3,2,80818,12516,1
398822,36,2,1,10195,13886,0
346676,23,2,1,1537,20307,1
354138,65,1,1,17138,24843,0
328277,23,3,3,44328,46484,0
333412,47,4,3,46202,5912,0
495417,70,3,3,40164,21514,0
441459,63,2,2,89743,21823,0
198456,60,4,3,54659,28797,1
41653,58,3,2,86155,6449,0
167729,53,2,3,49692,1725,1
443168,48,2,2,24845,15870,1
425396,21,1,3,89846,9304,0
238504,28,1,3,30562,7522,1
131829,57,1,1,28036,13663,1
138377,52,2,3,60752,4784,1
481627,68,3,3,74233,9472,0
11622,63,1,1,83049,28952,0
58756,57,3,2,68681,10055,0
50809,24,1,1,27818,29508,0
26725,50,4,1,30544,12676,1
202468,26,4,2,62532,25192,1
61226,66,1,3,78636,24722,1
91182,74,2,2,57705,7446,1
485781,39,1,3,20104,4725,1
39402,52,1,3,69603,20061,1
14263,29,2,2,59025,47537,0
237595,32,4,1,96264,22671,1
187900,31,3,2,32317,1409,1
57924,66,1,3,31416,8205,1
346326,36,2,2,42012,16365,0
234137,21,1,2,68045,256,1
462268,65,2,3,21400,15704,1
414880,73,3,1,48270,29902,0
307881,41,3,2,72069,35758,1
373476,50,4,3,49833,1195,0
361707,33,2,3,63644,34012,0
170445,54,2,2,80206,11415,1
177469,24,4,1,69468,39534,1
400719,48,4,2,59473,21686,0
489361,58,2,1,45809,11662,1
111371,51,4,1,38328,48978,1
48709,47,3,1,36784,28743,0
202192,25,1,1,23723,32161,0
160322,45,3,2,60646,43081,1
31172,23,4,3,66255,2402,0
21555,53,2,3,74,49648,1
490626,24,2,3,26498,13275,1
481833,45,3,3,65522,28182,1
63276,40,2,3,96881,14915,1
67492,54,4,3,20541,909,0
194074,46,3,2,45929,48574,1
266010,25,2,1,26028,372,0
361743,55,1,3,29545,22620,1
475571,48,1,2,79569,34112,1
232320,49,4,3,31673,8515,0
427978,29,2,3,30974,2431,1
21046,72,4,1,58899,21054,0
238071,58,3,1,23097,32624,0
388165,70,1,1,93144,10585,1
431985,26,3,3,64824,48230,1
194374,39,2,3,23525,31958,1
426366,64,4,3,57804,1695,1
471463,31,4,1,15043,34675,0
276997,22,4,2,41846,49932,1
497829,67,3,3,77261,33787,1
130900,64,1,3,50227,44225,1
492615,64,3,3,53028,1403,1
425008,29,3,2,37383,17810,1
69129,41,2,3,29483,8855,0
247091,44,2,2,7265,38636,1
215550,54,2,3,22763,10839,0
254883,42,1,2,75652,10,1
124130,23,1,3,15733,39098,1
470514,32,2,1,91038,47829,1
435203,48,2,1,37420,9230,0
156922,50,1,1,9247,40232,1
415328,46,4,1,23840,47514,0
131789,68,1,3,65149,35771,0
165130,41,1,1,21058,29256,1
186492,48,1,2,34929,25651,0
48890,46,2,1,84171,32383,1
76017,53,4,1,91164,39963,1
188376,41,1,1,31362,13662,0
173993,55,2,3,86489,13739,1
142596,72,3,1,84664,48356,1
110424,54,3,2,47356,1789,0
287192,61,1,1,77597,19420,0
438327,71,3,1,6041,23761,0
178976,67,4,1,78209,40366,0
327056,38,3,2,61954,37606,0
44008,31,3,1,61869,38640,0
403276,43,4,2,21059,44135,1
215738,68,1,2,99864,37067,0
93559,42,1,1,44722,17357,0
65337,37,4,2,17548,39851,1
382760,25,4,3,15078,38262,1
285494,64,4,1,5419,11317,0
34354,31,3,1,35490,21534,0
55186,50,4,2,76086,25734,1
38145,35,2,2,58760,35897,0
437236,47,3,1,30337,32872,0
96123,55,1,3,1468,40201,1
216258,53,1,2,24309,7689,0
226541,40,1,2,66344,3567,1
30581,36,3,3,90283,20732,0
98929,54,2,3,72255,20774,1
295195,22,4,1,81899,23195,1
61474,55,4,3,28718,37412,1
101748,60,1,1,94337,47734,0
135995,48,1,3,37841,44098,1
255690,67,3,2,73548,22257,0
341770,59,2,1,83565,4394,1
279104,26,4,1,46660,36302,1
438988,29,3,1,50281,22228,1
424736,40,4,3,767,12388,0
190553,21,1,2,3895,11319,0
46408,28,4,1,58026,6475,1
366150,43,2,1,42968,31555,0
269568,23,2,1,40097,18158,0
329278,24,1,1,15332,14728,0
161563,45,2,2,14621,44774,1
142413,67,2,3,76870,29545,0
185695,58,3,2,18174,31100,1
100327,35,4,1,99189,16150,1
403554,41,1,2,40502,33214,1
212503,55,1,1,36674,32876,0
153326,73,1,3,37260,3239,1
192932,73,1,3,42498,38699,0
21344,66,1,3,67609,36821,0
404966,72,2,1,49464,30615,1
457972,34,3,2,71805,13746,1
77957,56,1,3,64919,20921,1
115423,32,3,1,54469,22745,0
330197,37,3,1,17194,1245,0
474071,59,2,2,26811,46607,1
156968,29,1,3,72377,24853,1
196833,55,2,1,43723,27632,0
203624,33,1,2,75235,12856,0
261147,35,2,3,76298,5105,1
87454,38,3,2,59238,35690,0
267594,71,1,2,2147,2513,0
362744,53,4,1,98919,2801,0
394876,26,3,1,99251,32345,0
431151,47,4,1,38445,13895,0
47641,43,3,2,53803,39749,0
39711,47,2,1,61108,8221,1
342486,54,1,2,2013,6038,0
379040,66,3,2,85617,32031,1
153254,58,2,1,82410,15082,1
97833,34,1,3,53502,14648,0
328420,56,1,3,37755,364,1
291685,73,3,3,8733,34568,1
366601,28,1,2,9479,14110,1
485526,55,3,2,75361,5958,0
54813,39,1,2,21304,9096,1
178270,50,4,1,35694,7436,0
149892,34,2,2,81171,21177,1
296214,40,4,1,86296,26754,1
472984,69,3,1,9490,24544,1
414338,45,4,3,21252,12638,1
352703,60,3,3,6862,179,0
214615,44,1,3,69959,3873,1
486657,34,1,1,10450,17570,1
51786,46,3,1,56022,48223,0
236006,58,4,1,61991,17157,0
240876,43,1,2,40927,45565,0
409953,42,2,1,88090,4460,1
308206,68,1,3,49853,48084,0
457453,39,2,3,31826,352,0
323715,66,4,1,42879,21586,0
297654,71,2,1,57265,5344,0
291570,23,2,3,72361,4507,0
47265,62,2,1,77990,37598,0
421066,39,2,3,89787,43988,1
259321,29,1,2,86184,32885,0
76150,48,2,3,40736,16865,1
97312,40,1,2,24530,37055,0
99613,65,2,1,78052,27213,0
347054,27,3,1,47058,4477,0
324519,34,4,2,74094,6533,1
131826,29,2,1,74255,49395,0
45435,39,3,2,4886,23396,0
368587,67,2,1,93721,12755,0
460348,72,2,3,37387,865,0
220017,34,2,1,21575,11173,1
485266,58,3,3,39643,38097,1
498618,73,4,3,10100,33371,1
144055,56,3,2,60356,38524,1
161734,60,4,1,7856,11254,1
295654,37,2,2,38169,4018,0
219259,50,1,1,28804,5192,0
182070,29,2,3,35790,2015,0
460062,53,4,3,30988,42618,1
104071,72,3,1,76448,3380,0
278784,45,2,1,38506,28343,1
316691,34,3,2,87904,3770,0
326764,31,3,1,67306,5829,1
156389,73,3,1,12305,34381,0
125608,55,2,1,9969,45915,0
279708,61,3,2,12404,15545,0
168417,34,3,1,8989,18263,0
123824,50,2,3,65305,38140,1
497439,61,3,2,35983,43306,0
264444,24,2,2,39462,25675,0
89273,24,4,3,19360,25362,0
347003,48,4,3,85657,148,1
221837,28,4,3,26287,1754,0
120017,22,3,1,65472,26745,0
477254,61,1,3,61313,7378,0
133618,66,1,1,34160,46359,0
455609,42,3,2,6789,20140,0
469297,61,1,2,27181,9371,1
135341,36,2,3,14385,26999,1
301574,49,1,1,82597,12779,1
216604,69,3,3,65641,31075,0
37788,68,3,3,44247,30697,1
236577,50,2,1,86673,9795,0
451759,32,4,3,5544,38460,0
417135,55,3,2,13275,4218,0
341490,31,2,3,63248,37571,0
368266,66,1,1,34550,11672,1
49974,70,1,1,53693,31042,1
379453,41,2,2,19641,35950,1
26371,41,2,1,71749,11009,0
317228,25,3,1,80021,47096,1
432845,68,1,2,15605,19544,1
192256,40,2,3,50713,29381,0
334060,57,1,2,20390,25287,1
83972,23,2,3,75403,2586,0
203259,64,1,2,58466,2648,1
285128,53,4,3,3981,40081,1
305183,73,3,2,9493,18101,1
95431,29,1,3,71218,45312,0
355835,29,4,2,71318,21692,1
330750,24,1,3,95335,7407,1
413832,55,1,2,16984,17254,1
374809,37,4,1,22760,15234,1
115373,54,1,3,91529,22211,0
191144,44,1,2,1524,29480,0
296718,52,3,3,49402,47780,1
406646,21,4,3,91656,24846,1
260195,28,4,2,65614,42503,1
153748,65,2,3,35891,46193,0
414032,43,1,2,91009,48466,1
